{
  "pixelsPerUnit": 32,
  "pixelAspectRatio": 2.4,
  "x": -1.149719506110225,
  "y": -0.312197910519423,
  "iterations": 100
}
