{
  "pixelsPerUnit": 32,
  "pixelHightByWidthRatio": 3,
  "x": -1.149719506110225,
  "y": -0.312197910519423,
  "iterations": 100
}